incident_id,date,system,incident_type,status,severity,description
INC1000,2024-11-03,s3_api,AuthError,Resolved,Low,Simulated log message
INC1001,2024-12-17,backup_agent,Network,Failure,Medium,Simulated log message
INC1002,2024-03-10,restore_service,Timeout,Resolved,Critical,Simulated log message
INC1003,2024-07-01,scheduler,AuthError,Resolved,Low,Simulated log message
INC1004,2024-09-06,scheduler,Timeout,Resolved,High,Simulated log message
INC1005,2024-08-15,scheduler,AuthError,Resolved,Low,Simulated log message
INC1006,2024-04-11,replication_service,AuthError,Resolved,Low,Simulated log message
INC1007,2024-03-15,backup_agent,ConfigError,Resolved,Low,Simulated log message
INC1008,2024-08-03,restore_service,Network,Failure,Medium,Simulated log message
INC1009,2024-07-21,replication_service,Network,Resolved,Medium,Simulated log message
INC1010,2024-07-10,s3_api,AuthError,Failure,Medium,Simulated log message
INC1011,2024-09-05,restore_service,DiskFull,Resolved,Low,Simulated log message
INC1012,2024-08-29,restore_service,DiskFull,Failure,Low,Simulated log message
INC1013,2024-06-27,restore_service,Timeout,Resolved,Low,Simulated log message
INC1014,2024-08-06,scheduler,Timeout,Resolved,Low,Simulated log message
INC1015,2024-03-22,restore_service,ConfigError,Resolved,High,Simulated log message
INC1016,2024-04-01,backup_agent,AuthError,Failure,Low,Simulated log message
INC1017,2024-06-23,restore_service,Timeout,Resolved,High,Simulated log message
INC1018,2024-08-26,scheduler,Timeout,Resolved,High,Simulated log message
INC1019,2024-09-16,restore_service,AuthError,Resolved,Low,Simulated log message
INC1020,2024-12-30,s3_api,ConfigError,Failure,Medium,Simulated log message
INC1021,2024-06-11,s3_api,Timeout,Resolved,Low,Simulated log message
INC1022,2024-02-17,scheduler,ConfigError,Resolved,Low,Simulated log message
INC1023,2024-11-24,backup_agent,Network,Resolved,Low,Simulated log message
INC1024,2024-11-23,backup_agent,ConfigError,Resolved,Medium,Simulated log message
INC1025,2024-04-25,replication_service,DiskFull,Resolved,Low,Simulated log message
INC1026,2024-12-02,scheduler,DiskFull,Failure,Medium,Simulated log message
INC1027,2024-12-02,restore_service,ConfigError,Failure,Medium,Simulated log message
INC1028,2024-08-12,scheduler,DiskFull,Failure,Low,Simulated log message
INC1029,2024-12-17,replication_service,Network,Failure,Medium,Simulated log message
INC1030,2024-11-23,scheduler,AuthError,Resolved,Medium,Simulated log message
INC1031,2024-05-26,scheduler,DiskFull,Resolved,Low,Simulated log message
INC1032,2024-03-03,replication_service,DiskFull,Failure,Low,Simulated log message
INC1033,2024-10-20,backup_agent,ConfigError,Resolved,Medium,Simulated log message
INC1034,2024-11-18,restore_service,Network,Failure,Low,Simulated log message
INC1035,2024-11-20,replication_service,AuthError,Resolved,Medium,Simulated log message
INC1036,2024-01-13,s3_api,ConfigError,Resolved,Low,Simulated log message
INC1037,2024-07-07,backup_agent,ConfigError,Failure,Low,Simulated log message
INC1038,2024-10-13,s3_api,Network,Failure,Low,Simulated log message
INC1039,2024-07-26,backup_agent,AuthError,Resolved,Low,Simulated log message
INC1040,2024-04-23,restore_service,Network,Failure,Medium,Simulated log message
INC1041,2024-01-22,restore_service,AuthError,Resolved,Low,Simulated log message
INC1042,2024-12-14,scheduler,Network,Resolved,Medium,Simulated log message
INC1043,2024-08-01,s3_api,ConfigError,Resolved,High,Simulated log message
INC1044,2024-06-19,backup_agent,ConfigError,Failure,Medium,Simulated log message
INC1045,2024-11-18,restore_service,Timeout,Resolved,Medium,Simulated log message
INC1046,2024-02-23,replication_service,DiskFull,Resolved,Low,Simulated log message
INC1047,2024-10-24,restore_service,Network,Resolved,Low,Simulated log message
INC1048,2024-11-15,replication_service,Timeout,Failure,Medium,Simulated log message
INC1049,2024-05-05,backup_agent,DiskFull,Resolved,Low,Simulated log message
INC1050,2024-10-03,restore_service,Network,Resolved,Medium,Simulated log message
INC1051,2024-07-22,restore_service,AuthError,Resolved,Low,Simulated log message
INC1052,2024-07-12,backup_agent,DiskFull,Failure,Medium,Simulated log message
INC1053,2024-06-17,restore_service,ConfigError,Resolved,High,Simulated log message
INC1054,2024-05-31,replication_service,Timeout,Failure,High,Simulated log message
INC1055,2024-02-04,restore_service,DiskFull,Resolved,Medium,Simulated log message
INC1056,2024-07-02,s3_api,DiskFull,Resolved,Medium,Simulated log message
INC1057,2024-10-12,scheduler,ConfigError,Resolved,Medium,Simulated log message
INC1058,2024-02-26,replication_service,Network,Resolved,Medium,Simulated log message
INC1059,2024-08-09,s3_api,AuthError,Resolved,Low,Simulated log message
INC1060,2024-10-29,backup_agent,ConfigError,InProgress,Low,Simulated log message
INC1061,2024-06-11,replication_service,AuthError,Failure,Low,Simulated log message
INC1062,2024-01-19,scheduler,Network,Resolved,Critical,Simulated log message
INC1063,2024-09-20,scheduler,DiskFull,Resolved,Low,Simulated log message
INC1064,2024-10-08,backup_agent,AuthError,Resolved,Medium,Simulated log message
INC1065,2024-04-22,backup_agent,Timeout,Failure,Medium,Simulated log message
INC1066,2024-11-22,replication_service,Timeout,Resolved,Medium,Simulated log message
INC1067,2024-01-30,restore_service,ConfigError,Resolved,Medium,Simulated log message
INC1068,2024-05-14,backup_agent,Network,Failure,Low,Simulated log message
INC1069,2024-03-07,restore_service,ConfigError,Resolved,Medium,Simulated log message
INC1070,2024-03-05,s3_api,ConfigError,Failure,High,Simulated log message
INC1071,2024-10-18,scheduler,ConfigError,Failure,Low,Simulated log message
INC1072,2024-01-25,restore_service,Timeout,Failure,Low,Simulated log message
INC1073,2024-02-06,scheduler,Timeout,Failure,Medium,Simulated log message
INC1074,2024-01-01,restore_service,ConfigError,Resolved,High,Simulated log message
INC1075,2024-02-06,s3_api,Timeout,Failure,Low,Simulated log message
INC1076,2024-05-20,backup_agent,Network,Resolved,Medium,Simulated log message
INC1077,2024-08-19,s3_api,ConfigError,Failure,High,Simulated log message
INC1078,2024-05-15,backup_agent,Timeout,Resolved,Low,Simulated log message
INC1079,2024-07-06,backup_agent,AuthError,Resolved,Critical,Simulated log message
INC1080,2024-05-07,scheduler,ConfigError,Failure,Medium,Simulated log message
INC1081,2024-07-19,s3_api,ConfigError,Failure,Medium,Simulated log message
INC1082,2024-05-06,restore_service,Network,Resolved,Medium,Simulated log message
INC1083,2024-09-13,s3_api,DiskFull,Failure,Low,Simulated log message
INC1084,2024-06-12,scheduler,DiskFull,Resolved,Low,Simulated log message
INC1085,2024-02-04,backup_agent,Network,Failure,Low,Simulated log message
INC1086,2024-07-12,scheduler,Network,Resolved,Low,Simulated log message
INC1087,2024-07-09,replication_service,Network,Failure,Low,Simulated log message
INC1088,2024-04-13,replication_service,DiskFull,Resolved,High,Simulated log message
INC1089,2024-01-23,restore_service,Network,Failure,High,Simulated log message
INC1090,2024-09-21,scheduler,Timeout,InProgress,Medium,Simulated log message
INC1091,2024-10-16,restore_service,ConfigError,Failure,High,Simulated log message
INC1092,2024-09-16,restore_service,ConfigError,Resolved,Medium,Simulated log message
INC1093,2024-12-23,replication_service,AuthError,Resolved,Low,Simulated log message
INC1094,2024-03-15,restore_service,AuthError,Failure,Low,Simulated log message
INC1095,2024-12-20,replication_service,ConfigError,Resolved,Medium,Simulated log message
INC1096,2024-03-12,backup_agent,Timeout,Failure,Medium,Simulated log message
INC1097,2024-09-15,scheduler,DiskFull,Resolved,Low,Simulated log message
INC1098,2024-07-06,restore_service,DiskFull,Resolved,Medium,Simulated log message
INC1099,2024-06-21,replication_service,Timeout,Resolved,Low,Simulated log message
INC1100,2024-10-16,s3_api,DiskFull,Failure,Medium,Simulated log message
INC1101,2024-02-14,restore_service,Network,Resolved,High,Simulated log message
INC1102,2024-03-01,backup_agent,ConfigError,Resolved,Medium,Simulated log message
INC1103,2024-03-23,backup_agent,ConfigError,Resolved,Critical,Simulated log message
INC1104,2024-05-02,s3_api,Timeout,Resolved,High,Simulated log message
INC1105,2024-12-23,replication_service,DiskFull,Resolved,High,Simulated log message
INC1106,2024-01-16,restore_service,AuthError,Resolved,High,Simulated log message
INC1107,2024-03-06,replication_service,AuthError,Resolved,High,Simulated log message
INC1108,2024-05-24,backup_agent,DiskFull,Failure,Medium,Simulated log message
INC1109,2024-06-10,replication_service,AuthError,Resolved,Low,Simulated log message
INC1110,2024-08-21,backup_agent,Timeout,Resolved,Low,Simulated log message
INC1111,2024-05-23,replication_service,Timeout,Resolved,Medium,Simulated log message
INC1112,2024-12-23,s3_api,DiskFull,Resolved,Low,Simulated log message
INC1113,2024-07-06,scheduler,AuthError,Resolved,Low,Simulated log message
INC1114,2024-11-17,s3_api,Timeout,Failure,Critical,Simulated log message
INC1115,2024-01-13,s3_api,Timeout,Resolved,High,Simulated log message
INC1116,2024-07-02,scheduler,Network,Resolved,High,Simulated log message
INC1117,2024-04-20,scheduler,Network,Resolved,Low,Simulated log message
INC1118,2024-10-16,restore_service,Timeout,Failure,Low,Simulated log message
INC1119,2024-10-21,restore_service,DiskFull,Failure,Low,Simulated log message
INC1120,2024-08-02,s3_api,ConfigError,Failure,Low,Simulated log message
INC1121,2024-04-29,s3_api,ConfigError,Resolved,Low,Simulated log message
INC1122,2024-02-24,backup_agent,Timeout,Failure,Low,Simulated log message
INC1123,2024-01-27,backup_agent,Timeout,Resolved,High,Simulated log message
INC1124,2024-04-27,restore_service,Timeout,Resolved,Medium,Simulated log message
INC1125,2024-08-08,restore_service,DiskFull,Failure,Low,Simulated log message
INC1126,2024-08-18,backup_agent,Network,Resolved,Low,Simulated log message
INC1127,2024-02-22,backup_agent,Timeout,Resolved,Medium,Simulated log message
INC1128,2024-10-21,replication_service,Timeout,Resolved,Low,Simulated log message
INC1129,2024-11-16,replication_service,AuthError,Resolved,High,Simulated log message
INC1130,2024-08-20,backup_agent,DiskFull,Resolved,Low,Simulated log message
INC1131,2024-06-06,replication_service,Timeout,Resolved,Low,Simulated log message
INC1132,2024-09-25,scheduler,AuthError,Resolved,Low,Simulated log message
INC1133,2024-01-21,restore_service,ConfigError,Resolved,Low,Simulated log message
INC1134,2024-02-22,restore_service,Timeout,Failure,Medium,Simulated log message
INC1135,2024-10-01,backup_agent,Timeout,Resolved,Medium,Simulated log message
INC1136,2024-11-08,s3_api,AuthError,Resolved,Medium,Simulated log message
INC1137,2024-10-07,backup_agent,DiskFull,Resolved,Low,Simulated log message
INC1138,2024-08-01,replication_service,Timeout,Failure,Medium,Simulated log message
INC1139,2024-01-31,s3_api,ConfigError,Resolved,Medium,Simulated log message
INC1140,2024-12-02,replication_service,Timeout,Failure,High,Simulated log message
INC1141,2024-07-01,scheduler,ConfigError,Resolved,Low,Simulated log message
INC1142,2024-01-23,replication_service,Network,Resolved,Low,Simulated log message
INC1143,2024-02-01,scheduler,Network,Failure,Medium,Simulated log message
INC1144,2024-03-14,scheduler,ConfigError,Resolved,Medium,Simulated log message
INC1145,2024-01-10,replication_service,DiskFull,Resolved,Low,Simulated log message
INC1146,2024-02-23,replication_service,Timeout,Resolved,Low,Simulated log message
INC1147,2024-02-21,scheduler,Timeout,Failure,Low,Simulated log message
INC1148,2024-05-27,s3_api,Network,Failure,High,Simulated log message
INC1149,2024-06-08,scheduler,ConfigError,Failure,Low,Simulated log message
INC1150,2024-01-14,restore_service,Timeout,Failure,High,Simulated log message
INC1151,2024-06-26,scheduler,Timeout,Resolved,Medium,Simulated log message
INC1152,2024-02-22,s3_api,DiskFull,Failure,High,Simulated log message
INC1153,2024-11-30,restore_service,AuthError,Resolved,High,Simulated log message
INC1154,2024-01-22,backup_agent,Network,Failure,Low,Simulated log message
INC1155,2024-01-30,backup_agent,Network,Resolved,High,Simulated log message
INC1156,2024-07-09,s3_api,AuthError,Resolved,Low,Simulated log message
INC1157,2024-09-16,scheduler,Timeout,Resolved,High,Simulated log message
INC1158,2024-07-23,replication_service,DiskFull,Failure,Medium,Simulated log message
INC1159,2024-02-28,s3_api,DiskFull,Resolved,Low,Simulated log message
INC1160,2024-09-20,restore_service,Network,Resolved,Medium,Simulated log message
INC1161,2024-01-12,restore_service,DiskFull,Failure,Critical,Simulated log message
INC1162,2024-04-28,backup_agent,AuthError,Failure,Low,Simulated log message
INC1163,2024-10-16,restore_service,Timeout,Resolved,Medium,Simulated log message
INC1164,2024-12-03,s3_api,AuthError,Resolved,Medium,Simulated log message
INC1165,2024-09-04,restore_service,ConfigError,Resolved,High,Simulated log message
INC1166,2024-12-19,s3_api,Network,Failure,Low,Simulated log message
INC1167,2024-05-06,replication_service,DiskFull,Resolved,Low,Simulated log message
INC1168,2024-03-15,backup_agent,ConfigError,Resolved,Low,Simulated log message
INC1169,2024-12-26,restore_service,DiskFull,Resolved,Medium,Simulated log message
INC1170,2024-07-22,s3_api,Timeout,Resolved,Low,Simulated log message
INC1171,2024-02-18,scheduler,Timeout,Resolved,High,Simulated log message
INC1172,2024-03-19,backup_agent,Timeout,Resolved,Low,Simulated log message
INC1173,2024-08-28,replication_service,DiskFull,Failure,Medium,Simulated log message
INC1174,2024-12-14,s3_api,ConfigError,Resolved,Low,Simulated log message
INC1175,2024-06-02,replication_service,Timeout,Failure,Low,Simulated log message
INC1176,2024-09-30,replication_service,ConfigError,Resolved,Low,Simulated log message
INC1177,2024-04-05,restore_service,DiskFull,Resolved,Low,Simulated log message
INC1178,2024-08-01,restore_service,ConfigError,Resolved,Medium,Simulated log message
INC1179,2024-10-20,s3_api,DiskFull,Failure,High,Simulated log message
INC1180,2024-07-27,scheduler,DiskFull,Resolved,Medium,Simulated log message
INC1181,2024-12-08,s3_api,Network,Resolved,Critical,Simulated log message
INC1182,2024-03-28,scheduler,DiskFull,Failure,High,Simulated log message
INC1183,2024-11-01,replication_service,DiskFull,Failure,Medium,Simulated log message
INC1184,2024-09-20,backup_agent,AuthError,Failure,High,Simulated log message
INC1185,2024-11-20,s3_api,Timeout,Failure,Medium,Simulated log message
INC1186,2024-11-15,s3_api,Network,Failure,Low,Simulated log message
INC1187,2024-06-05,scheduler,Network,Failure,Medium,Simulated log message
INC1188,2024-06-04,replication_service,Network,Failure,Low,Simulated log message
INC1189,2024-05-18,replication_service,AuthError,Resolved,Medium,Simulated log message
INC1190,2024-04-30,scheduler,DiskFull,Resolved,Medium,Simulated log message
INC1191,2024-03-05,replication_service,Timeout,InProgress,Low,Simulated log message
INC1192,2024-04-16,restore_service,ConfigError,Resolved,Low,Simulated log message
INC1193,2024-05-26,backup_agent,DiskFull,Resolved,High,Simulated log message
INC1194,2024-05-16,s3_api,AuthError,Resolved,Medium,Simulated log message
INC1195,2024-06-10,backup_agent,DiskFull,Resolved,Low,Simulated log message
INC1196,2024-04-09,s3_api,DiskFull,Resolved,Medium,Simulated log message
INC1197,2024-12-03,restore_service,AuthError,Resolved,Medium,Simulated log message
INC1198,2024-11-02,replication_service,Network,Failure,Medium,Simulated log message
INC1199,2024-05-20,scheduler,Network,Failure,Critical,Simulated log message
INC1200,2024-03-23,restore_service,Timeout,Resolved,Medium,Simulated log message
INC1201,2024-06-25,backup_agent,Timeout,Resolved,Low,Simulated log message
INC1202,2024-07-16,scheduler,Network,Failure,High,Simulated log message
INC1203,2024-04-21,replication_service,ConfigError,Resolved,High,Simulated log message
INC1204,2024-02-25,restore_service,DiskFull,Resolved,Low,Simulated log message
INC1205,2024-06-27,scheduler,ConfigError,Resolved,Low,Simulated log message
INC1206,2024-07-04,restore_service,DiskFull,Resolved,Low,Simulated log message
INC1207,2024-08-05,restore_service,Network,Resolved,Medium,Simulated log message
INC1208,2024-11-11,replication_service,Timeout,InProgress,Medium,Simulated log message
INC1209,2024-08-04,s3_api,Timeout,Resolved,Medium,Simulated log message
INC1210,2024-04-29,scheduler,ConfigError,Failure,High,Simulated log message
INC1211,2024-06-23,replication_service,Timeout,Resolved,Medium,Simulated log message
INC1212,2024-01-23,restore_service,Network,Resolved,Low,Simulated log message
INC1213,2024-07-31,replication_service,ConfigError,Resolved,Low,Simulated log message
INC1214,2024-08-22,s3_api,DiskFull,InProgress,Low,Simulated log message
INC1215,2024-01-13,scheduler,Timeout,Resolved,Low,Simulated log message
INC1216,2024-04-10,s3_api,AuthError,Resolved,Medium,Simulated log message
INC1217,2024-01-24,backup_agent,Timeout,Resolved,High,Simulated log message
INC1218,2024-12-29,scheduler,DiskFull,Resolved,Low,Simulated log message
INC1219,2024-01-11,s3_api,ConfigError,Resolved,Medium,Simulated log message
INC1220,2024-09-29,restore_service,DiskFull,Resolved,Medium,Simulated log message
INC1221,2024-10-07,scheduler,AuthError,Failure,Low,Simulated log message
INC1222,2024-04-03,scheduler,Network,Resolved,Low,Simulated log message
INC1223,2024-07-19,replication_service,Timeout,Resolved,Low,Simulated log message
INC1224,2024-01-21,restore_service,ConfigError,Resolved,Low,Simulated log message
INC1225,2024-12-05,backup_agent,Network,Resolved,High,Simulated log message
INC1226,2024-07-29,s3_api,DiskFull,Resolved,Low,Simulated log message
INC1227,2024-05-19,replication_service,ConfigError,Resolved,Low,Simulated log message
INC1228,2024-10-19,s3_api,Network,Resolved,Medium,Simulated log message
INC1229,2024-10-24,backup_agent,ConfigError,Failure,Critical,Simulated log message
INC1230,2024-04-10,backup_agent,AuthError,Failure,Low,Simulated log message
INC1231,2024-10-30,scheduler,AuthError,Failure,Low,Simulated log message
INC1232,2024-12-24,backup_agent,Timeout,Resolved,Low,Simulated log message
INC1233,2024-01-28,s3_api,Timeout,Resolved,Low,Simulated log message
INC1234,2024-02-10,restore_service,AuthError,Resolved,Low,Simulated log message
INC1235,2024-12-20,restore_service,ConfigError,Resolved,Medium,Simulated log message
INC1236,2024-10-29,scheduler,AuthError,Resolved,Low,Simulated log message
INC1237,2024-05-25,s3_api,Timeout,Failure,Low,Simulated log message
INC1238,2024-09-12,s3_api,AuthError,Resolved,High,Simulated log message
INC1239,2024-08-14,backup_agent,AuthError,Resolved,Low,Simulated log message
INC1240,2024-08-23,s3_api,ConfigError,Failure,Low,Simulated log message
INC1241,2024-12-26,replication_service,Network,Failure,Low,Simulated log message
INC1242,2024-01-13,backup_agent,Timeout,Failure,Critical,Simulated log message
INC1243,2024-07-28,replication_service,ConfigError,Failure,Low,Simulated log message
INC1244,2024-08-16,scheduler,AuthError,Resolved,High,Simulated log message
INC1245,2024-04-09,restore_service,AuthError,Failure,Medium,Simulated log message
INC1246,2024-01-31,scheduler,Network,Resolved,Low,Simulated log message
INC1247,2024-01-16,restore_service,Timeout,Resolved,Critical,Simulated log message
INC1248,2024-05-16,scheduler,Timeout,Resolved,Low,Simulated log message
INC1249,2024-11-24,s3_api,DiskFull,InProgress,Low,Simulated log message
